OverallQual,GrLivArea,YearBuilt,TotalBsmtSF,FullBath,HalfBath,GarageCars,GarageArea,SalePrice,price_for_sft
5,1223.75,1991,838.75,1,0,3,627.0,385333.25,307.03622550900263
3,2402.0,1972,838.75,1,1,3,705.0,157806.75,307.03622550900263
7,1547.0,1968,1224.0,3,0,1,282.0,316056.0,258.2156862745098
3,1223.75,1937,2599.5,4,1,3,239.0,213285.0,88.0267741633301
8,2800.0,1985,838.75,2,1,3,705.5,304717.0,307.03622550900263
5,2650.0,1991,1218.0,2,1,1,239.0,385333.25,307.03622550900263
7,1223.75,1974,838.75,1,2,1,705.5,157806.75,174.8555399719495
8,2092.0,1974,1417.0,1,0,1,691.0,270912.0,191.18701482004235
8,1349.0,1988,1645.0,1,0,3,579.0,157806.75,88.0267741633301
6,2800.0,1954,1410.0,2,0,3,705.5,175163.0,124.2290780141844
3,2036.0,1991,2056.0,2,1,1,536.0,212657.0,103.43239299610894
8,1223.75,1969,838.75,1,1,3,239.0,227484.0,307.03622550900263
7,2800.0,1931,2599.5,1,2,3,705.5,343533.0,101.60692102928128
8,1480.0,1941,1751.0,3,2,1,586.0,385333.25,232.93203883495147
5,2800.0,1931,2039.0,3,2,2,705.5,241923.0,118.64786660127514
5,2014.0,1931,2599.5,3,2,1,552.0,385333.25,167.66026365348398
8,1225.0,1950,2225.0,1,0,3,239.0,385333.25,189.08134831460674
7,1703.0,1931,1614.0,1,1,1,239.0,297756.0,184.48327137546468
6,1223.75,1991,2599.5,2,2,3,594.0,327707.0,104.29885423297263
3,2790.0,1972,838.75,3,2,3,580.0,157806.75,307.03622550900263
8,2433.0,1931,1886.0,4,2,2,499.0,257813.0,136.6983032873807
7,1223.75,1931,1292.0,3,1,3,705.5,248033.0,191.97600619195046
7,1322.0,1931,2599.5,2,0,3,705.5,385333.25,127.65
8,1223.75,1991,838.75,2,0,1,239.0,207588.0,307.03622550900263
8,2342.0,1991,2599.5,2,1,3,428.0,157806.75,88.0267741633301
8,1946.0,1939,1103.0,4,0,1,705.5,384238.0,307.03622550900263
6,2800.0,1991,1550.0,4,1,3,514.0,157806.75,88.0267741633301
8,1223.75,1931,838.75,3,2,3,239.0,375617.0,307.03622550900263
8,1223.75,1964,1494.0,1,1,3,400.0,157806.75,93.5896921017403
6,2800.0,1931,2599.5,4,0,2,391.0,157806.75,88.0267741633301
8,1223.75,1931,2599.5,2,0,3,361.0,216747.0,88.0267741633301
6,2695.0,1951,838.75,2,1,3,407.0,385333.25,307.03622550900263
3,1490.0,1931,2599.5,2,0,2,705.5,157806.75,88.0267741633301
4,1223.75,1991,2535.0,1,0,2,705.5,157806.75,88.0267741633301
3,2285.0,1991,838.75,4,0,1,705.5,385333.25,307.03622550900263
4,1223.75,1991,2599.5,4,1,1,705.5,281705.0,99.01757469244288
8,1223.75,1931,2599.5,1,0,1,348.0,232480.0,88.0267741633301
6,1327.0,1931,1753.0,3,1,2,705.5,385333.25,261.6776953793497
3,2609.0,1979,1776.0,1,0,1,239.0,338398.0,190.5394144144144
6,2800.0,1931,2325.0,2,0,1,694.0,293650.0,126.3010752688172
8,2800.0,1991,838.75,3,0,2,618.0,157806.75,88.0267741633301
5,1498.0,1959,2070.0,3,2,1,689.0,245822.0,118.75458937198067
8,1974.0,1991,1236.0,3,0,1,705.5,303073.0,245.2046925566343
8,2403.0,1934,2599.5,4,0,1,657.0,157806.75,88.0267741633301
8,1524.0,1974,2059.0,1,1,1,239.0,385333.25,230.84895580378824
5,2493.0,1991,838.75,3,2,2,589.0,244395.0,307.03622550900263
6,1519.0,1931,2100.0,1,2,1,239.0,157806.75,88.0267741633301
3,1384.0,1988,838.75,3,0,3,239.0,323075.0,307.03622550900263
7,1290.0,1948,2221.0,4,0,1,239.0,385333.25,206.10130571814497
7,1223.75,1931,838.75,4,1,1,239.0,353746.0,307.03622550900263
3,2669.0,1931,2599.5,3,1,1,593.0,385333.25,145.02384105960266
3,2226.0,1946,1243.0,4,2,3,705.5,383196.0,307.03622550900263
3,1845.0,1931,2599.5,4,1,3,705.5,163739.0,88.0267741633301
3,2800.0,1963,2448.0,2,1,3,705.5,385333.25,180.85375816993465
3,1223.75,1973,2599.5,1,0,3,705.5,385333.25,156.73316228351507
4,1223.75,1966,1261.0,1,1,3,646.0,212338.0,168.38858049167328
8,2002.0,1931,2046.0,3,1,2,480.0,344203.0,168.23216031280546
8,2800.0,1941,2097.0,3,0,1,603.0,385333.25,204.01716738197425
7,2800.0,1931,2599.5,1,2,3,569.0,263379.0,88.0267741633301
3,2226.0,1991,838.75,3,0,3,239.0,385333.25,307.03622550900263
4,2460.0,1978,1944.0,3,1,3,414.0,262623.0,135.09413580246914
5,2721.0,1931,1623.0,2,2,1,336.0,366640.0,225.9026494146642
8,2800.0,1931,1012.0,2,2,3,239.0,385333.25,307.03622550900263
3,1223.75,1950,2599.5,4,2,2,705.0,311686.0,89.51349798966112
3,1779.0,1938,2599.5,3,1,3,705.5,316952.0,100.20613341764148
3,2800.0,1931,838.75,4,0,3,307.0,157806.75,120.83878504672897
3,1782.0,1931,1819.0,4,1,3,423.0,326628.0,179.56459593183067
3,2800.0,1942,2599.5,4,2,3,239.0,385333.25,156.34719596723377
3,2364.0,1931,838.75,1,2,1,620.0,157806.75,290.8801498127341
8,1223.75,1978,2599.5,1,0,1,359.0,280963.0,99.24514305898975
8,2800.0,1991,2197.0,4,2,2,239.0,311369.0,141.7246244879381
6,2800.0,1991,2599.5,4,2,1,407.0,157806.75,88.0267741633301
3,1799.0,1985,838.75,2,1,3,239.0,261054.0,307.03622550900263
6,1543.0,1935,2599.5,1,0,3,705.5,278867.0,88.0267741633301
7,2800.0,1931,1736.0,3,1,1,480.0,310133.0,178.64804147465438
3,1752.0,1952,1071.0,2,0,1,705.5,224996.0,210.08029878618115
3,2800.0,1991,838.75,4,2,1,239.0,211608.0,307.03622550900263
6,2783.0,1975,2599.5,1,1,3,239.0,373965.0,120.67279767666989
8,1223.75,1937,2421.0,1,2,3,239.0,385333.25,162.1602643535729
4,2800.0,1988,1427.0,1,0,3,428.0,329415.0,230.84442887175894
8,2584.0,1931,2599.5,1,2,3,705.5,157806.75,88.0267741633301
3,2800.0,1983,1649.0,3,2,1,705.5,385333.25,279.44754396604003
7,2440.0,1972,2332.0,3,1,2,239.0,158584.0,88.0267741633301
3,2800.0,1980,838.75,1,0,3,437.0,216166.0,307.03622550900263
8,1653.0,1937,838.75,2,2,3,705.5,157806.75,183.15764139590854
8,2800.0,1957,2599.5,4,0,3,239.0,259396.0,88.05023761031907
3,2255.0,1991,2599.5,1,2,2,239.0,157806.75,88.0267741633301
8,2285.0,1991,2599.5,4,1,3,377.0,267047.0,88.0267741633301
7,2800.0,1990,1687.0,1,2,3,490.0,385333.25,249.09602845287492
3,2800.0,1931,2599.5,1,0,2,551.0,219522.0,88.0267741633301
8,2800.0,1931,1073.0,4,0,1,412.0,385333.25,307.03622550900263
8,2800.0,1968,2599.5,3,0,1,692.0,350697.0,130.1287569573284
3,1223.75,1988,1942.0,4,1,1,655.0,385333.25,238.64675592173018
7,1223.75,1931,2067.0,3,1,2,239.0,175803.0,88.0267741633301
8,1560.0,1977,2247.0,2,1,3,321.0,157806.75,88.0267741633301
3,2800.0,1985,2281.0,3,2,1,239.0,206855.0,90.68610258658484
8,1853.0,1977,2075.0,1,1,2,426.0,157806.75,88.0267741633301
7,2800.0,1931,2414.0,4,0,1,239.0,157806.75,88.0267741633301
7,1872.0,1931,2157.0,1,1,1,705.5,157806.75,88.0267741633301
3,1223.75,1972,1469.0,2,2,1,705.5,269197.0,183.25187202178353
7,2246.0,1991,2599.5,4,2,3,705.5,385333.25,140.1324620275521
5,1223.75,1974,2599.5,1,2,2,560.0,256234.0,88.0267741633301
6,2002.0,1931,1387.0,3,2,1,705.5,233092.0,168.05479452054794
8,2395.0,1991,2376.0,1,1,2,581.0,157806.75,88.0267741633301
3,1223.75,1991,1250.0,3,0,3,239.0,170779.0,136.6232
3,1416.0,1931,927.0,1,1,3,239.0,294369.0,307.03622550900263
8,1223.75,1950,2599.5,1,1,3,568.0,212519.0,88.0267741633301
6,2800.0,1935,1694.0,3,0,2,242.0,157806.75,88.0267741633301
4,1223.75,1966,2078.0,1,2,1,705.5,183374.0,88.24542829643889
6,2800.0,1985,1824.0,4,1,3,477.0,157806.75,88.0267741633301
8,2161.0,1965,838.75,3,2,1,675.0,316649.0,307.03622550900263
6,1467.0,1931,838.75,4,0,3,273.0,220890.0,289.5019659239843
5,2154.0,1944,838.75,3,0,2,384.0,385333.25,307.03622550900263
8,2455.0,1967,2005.0,4,2,3,636.0,244327.0,121.85885286783042
4,1973.0,1988,2598.0,1,2,3,705.5,190914.0,88.0267741633301
8,2569.0,1953,2292.0,2,2,1,405.0,240050.0,104.73385689354276
6,1771.0,1991,2531.0,1,2,2,368.0,197178.0,88.0267741633301
8,1223.75,1931,1515.0,3,1,1,705.5,380333.0,251.04488448844884
3,2800.0,1931,838.75,4,0,3,239.0,384563.0,307.03622550900263
8,2800.0,1991,2599.5,1,2,1,239.0,226166.0,88.0267741633301
8,2048.0,1935,1614.0,3,1,1,383.0,278339.0,172.45291201982653
4,2339.0,1991,838.75,2,0,2,239.0,168052.0,307.03622550900263
7,2109.0,1943,1613.0,1,2,3,239.0,378827.0,234.85864848109114
8,2153.0,1937,1475.0,2,2,3,527.0,299388.0,202.9749152542373
3,2800.0,1964,2599.5,4,1,3,705.5,301974.0,88.0267741633301
7,1976.0,1976,2599.5,3,2,2,667.0,182871.0,88.0267741633301
3,1223.75,1931,843.0,1,0,1,705.5,258661.0,306.83392645314353
3,2800.0,1951,1111.0,4,1,3,239.0,331233.0,298.13951395139514
3,2571.0,1991,1100.0,2,2,3,239.0,276115.0,251.01363636363635
8,2800.0,1973,1410.0,4,1,1,239.0,157806.75,88.0267741633301
8,2369.0,1991,838.75,4,0,1,499.0,165631.0,307.03622550900263
3,1821.0,1991,838.75,1,1,2,260.0,157806.75,159.1063122923588
7,2800.0,1931,838.75,4,2,3,705.5,341666.0,307.03622550900263
8,1223.75,1955,2599.5,4,0,3,239.0,385333.25,139.3961992513677
3,1223.75,1942,1186.0,1,2,1,239.0,336503.0,283.7293423271501
3,1223.75,1931,2599.5,2,2,3,239.0,385333.25,158.97221206581352
4,2461.0,1980,838.75,1,0,1,524.0,282199.0,307.03622550900263
8,1223.75,1991,2599.5,1,0,2,510.0,157806.75,88.0267741633301
8,2800.0,1931,953.0,2,2,3,310.0,385333.25,307.03622550900263
4,1223.75,1965,2596.0,4,1,1,239.0,385333.25,184.1517719568567
8,1223.75,1971,1098.0,3,0,3,705.5,367053.0,307.03622550900263
8,2800.0,1931,1681.0,4,0,3,244.0,277806.0,165.26234384295063
8,2800.0,1931,2548.0,1,0,2,662.0,385333.25,173.92150706436422
5,1223.75,1991,2569.0,2,1,2,335.0,385333.25,173.20630595562477
3,1223.75,1991,2599.5,3,2,3,239.0,157806.75,88.0267741633301
4,2800.0,1974,2599.5,2,2,2,239.0,346163.0,127.54716285924835
8,2212.0,1931,2071.0,1,1,3,603.0,163043.0,88.0267741633301
3,1663.0,1964,838.75,4,2,3,398.0,159038.0,291.81284403669724
3,2800.0,1943,1721.0,2,0,1,595.0,157806.75,88.0267741633301
8,1223.75,1931,838.75,1,2,1,615.0,205407.0,307.03622550900263
5,1408.0,1931,1351.0,3,2,3,705.5,158782.0,117.52923760177646
8,2213.0,1981,2229.0,1,1,3,239.0,385333.25,208.15298340062807
3,1223.75,1931,1836.0,4,0,3,680.0,385333.25,225.0239651416122
3,2397.0,1991,1732.0,1,1,1,705.5,247719.0,143.02482678983833
8,1223.75,1966,2208.0,3,1,3,505.0,157806.75,88.0267741633301
7,1223.75,1931,2599.5,2,0,2,705.5,385333.25,126.61777196994446
8,2012.0,1991,2599.5,4,0,3,705.5,318017.0,100.00534591194969
3,2800.0,1966,2495.0,1,2,2,239.0,385333.25,164.85931863727455
4,2800.0,1991,1921.0,1,2,3,705.5,157806.75,88.0267741633301
7,2608.0,1957,2224.0,2,0,3,315.0,385333.25,176.3138489208633
3,1457.0,1984,838.75,1,2,1,294.0,157806.75,172.5653896961691
5,1624.0,1931,838.75,3,0,1,239.0,157806.75,307.03622550900263
6,1756.0,1991,2599.5,4,2,2,705.5,385333.25,135.1282396499495
7,2206.0,1972,838.75,1,2,1,516.0,238978.0,307.03622550900263
7,2796.0,1943,1808.0,4,0,2,240.0,294850.0,163.08075221238937
3,2800.0,1965,2599.5,2,1,3,239.0,308511.0,111.21521268925738
3,1223.75,1931,838.75,1,2,1,705.5,333899.0,307.03622550900263
4,1442.0,1991,2145.0,3,2,3,239.0,332888.0,155.1925407925408
8,2800.0,1931,838.75,2,0,3,239.0,385333.25,307.03622550900263
3,2688.0,1991,908.0,3,0,3,705.5,385333.25,307.03622550900263
8,2800.0,1991,1112.0,3,0,1,397.0,385333.25,307.03622550900263
8,1664.0,1970,2599.5,3,1,1,688.0,282603.0,88.0267741633301
4,1223.75,1931,2195.0,3,0,2,705.5,385333.25,185.4405466970387
3,1223.75,1991,1845.0,3,1,3,579.0,385333.25,211.9918699186992
3,1680.0,1991,2599.5,2,1,2,705.5,343559.0,108.5837547408344
8,2502.0,1946,1316.0,4,2,1,633.0,157806.75,88.0267741633301
8,1223.75,1947,1007.0,2,1,1,705.5,157806.75,129.214498510427
3,1223.75,1991,2599.5,1,0,3,441.0,157806.75,88.0267741633301
5,1223.75,1956,2599.5,3,0,3,693.0,385333.25,160.80305723426946
6,2560.0,1975,838.75,2,0,2,705.5,157806.75,88.0267741633301
3,1484.0,1980,2599.5,4,0,1,411.0,157806.75,88.0267741633301
5,1223.75,1931,1710.0,2,0,3,239.0,243238.0,142.24444444444444
8,2800.0,1978,2517.0,4,0,2,705.5,385333.25,186.3492252681764
7,1223.75,1944,838.75,2,0,3,494.0,385333.25,307.03622550900263
8,1223.75,1991,1829.0,1,0,3,551.0,385333.25,230.64898851831603
5,2431.0,1991,1730.0,2,2,1,558.0,385333.25,241.98843930635837
8,1804.0,1991,2249.0,1,1,3,239.0,157806.75,88.0267741633301
3,2676.0,1991,2309.0,4,1,2,287.0,385333.25,195.66652230402772
3,1223.75,1937,2021.0,3,2,3,515.0,257094.0,127.21128154379021
3,1749.0,1936,2599.5,1,2,3,495.0,340202.0,126.23450834879407
3,2800.0,1979,838.75,3,1,3,403.0,157806.75,307.03622550900263
3,1294.0,1931,838.75,4,2,1,385.0,385333.25,307.03622550900263
7,2381.0,1948,936.0,2,1,3,604.0,385333.25,307.03622550900263
6,1288.0,1931,838.75,3,2,2,577.0,385333.25,307.03622550900263
8,1961.0,1991,838.75,4,2,3,705.5,157806.75,128.70824524312897
6,1223.75,1986,838.75,4,1,3,332.0,157806.75,183.66931216931218
5,2072.0,1991,838.75,2,0,3,390.0,385333.25,307.03622550900263
6,1522.0,1991,1790.0,1,1,1,239.0,343764.0,192.04692737430167
4,1776.0,1932,838.75,2,1,3,514.0,242342.0,307.03622550900263
7,1223.75,1980,1545.0,3,2,1,705.5,157806.75,90.46537216828479
7,1676.0,1931,2599.5,2,2,1,688.0,275109.0,98.14805565465572
3,1223.75,1931,1694.0,2,2,2,585.0,187955.0,110.95336481700119
5,1223.75,1942,838.75,3,0,2,314.0,157806.75,168.50444444444443
5,2800.0,1931,2031.0,1,1,1,705.5,157806.75,88.0267741633301
3,2586.0,1931,2599.5,4,0,2,476.0,157806.75,88.0267741633301
8,2626.0,1931,1182.0,4,1,3,269.0,302458.0,255.88663282571912
4,1513.0,1931,2386.0,4,0,3,705.5,157806.75,88.0267741633301
7,1289.0,1964,2599.5,2,1,1,705.5,385333.25,156.19824253075572
8,2800.0,1967,838.75,1,1,3,705.5,304049.0,307.03622550900263
3,1223.75,1991,2493.0,3,1,3,656.0,157806.75,88.0267741633301
8,2483.0,1949,1782.0,1,0,3,705.5,385333.25,232.62514029180696
4,2037.0,1971,2375.0,3,2,3,705.5,385333.25,166.232
5,1713.0,1931,838.75,4,0,2,252.0,385333.25,307.03622550900263
3,2726.0,1940,2599.5,1,0,3,294.0,385333.25,180.52335063009636
8,1223.75,1963,2599.5,3,0,1,705.5,157806.75,88.0267741633301
6,1690.0,1931,1014.0,3,0,1,239.0,385333.25,307.03622550900263
8,2200.0,1931,838.75,1,2,1,705.5,157806.75,89.99013157894737
8,1223.75,1931,2599.5,2,0,3,705.5,385333.25,172.32240634005763
8,2800.0,1931,939.0,4,2,3,705.5,201260.0,214.33439829605965
8,1223.75,1991,2091.0,4,1,1,705.5,157806.75,88.0267741633301
4,1223.75,1950,2599.5,1,0,3,536.0,157806.75,88.0267741633301
3,2285.0,1991,2599.5,2,1,1,302.0,353143.0,103.31860737273259
3,1468.0,1931,838.75,4,1,3,315.0,183052.0,259.2804532577904
8,1415.0,1991,2533.0,1,1,1,569.0,157806.75,88.0267741633301
8,1454.0,1931,838.75,1,2,3,636.0,157806.75,183.1413237924866
7,2800.0,1958,838.75,2,0,3,640.0,255691.0,307.03622550900263
6,2800.0,1935,838.75,1,0,3,705.5,229140.0,307.03622550900263
3,1853.0,1931,2599.5,2,0,1,502.0,313504.0,102.5528295714753
8,2800.0,1979,2557.0,2,2,1,239.0,385333.25,180.37309346890888
8,2800.0,1962,2096.0,3,2,1,705.5,157806.75,88.0267741633301
3,2575.0,1932,838.75,3,1,1,260.0,385333.25,307.03622550900263
8,1223.75,1991,1522.0,1,0,1,239.0,367984.0,241.77660972404732
4,2800.0,1931,2548.0,4,1,1,672.0,201804.0,88.0267741633301
3,1223.75,1937,1286.0,3,0,1,239.0,385333.25,303.0163297045101
4,2072.0,1931,1456.0,3,0,1,545.0,157806.75,88.0267741633301
5,2009.0,1991,838.75,2,0,3,495.0,385333.25,307.03622550900263
3,2617.0,1931,2599.5,4,0,1,705.5,230942.0,88.0267741633301
8,1503.0,1991,2136.0,4,2,3,705.5,157806.75,88.0267741633301
4,2800.0,1991,2190.0,1,0,1,415.0,385333.25,198.9753424657534
3,2800.0,1980,2599.5,3,2,2,705.5,385333.25,173.3444486547935
8,1223.75,1931,838.75,1,2,3,705.5,298544.0,307.03622550900263
8,1223.75,1991,838.75,4,1,3,416.0,385333.25,307.03622550900263
4,1223.75,1931,898.0,3,1,1,696.0,285728.0,307.03622550900263
5,2800.0,1943,2599.5,4,1,2,705.5,189283.0,88.0267741633301
5,2208.0,1931,2599.5,2,2,3,600.0,291258.0,109.95016987542469
4,2800.0,1949,2599.5,1,1,2,705.5,385333.25,167.58006756756757
3,1223.75,1931,1758.0,4,0,2,239.0,345337.0,196.43742889647328
5,1223.75,1931,952.0,3,2,1,276.0,385333.25,307.03622550900263
7,1898.0,1965,2492.0,1,2,3,598.0,385333.25,178.4225521669342
7,1662.0,1938,1997.0,1,2,1,705.5,269522.0,134.96344516775162
8,1898.0,1991,2599.5,2,2,1,239.0,157806.75,88.0267741633301
6,1375.0,1991,1653.0,3,2,3,705.5,157806.75,88.0267741633301
8,2800.0,1935,2599.5,3,2,2,440.0,157806.75,88.0267741633301
7,2800.0,1972,2472.0,2,1,3,705.5,157806.75,88.0267741633301
7,2800.0,1991,1347.0,3,0,1,705.5,385333.25,307.03622550900263
3,2484.0,1958,1043.0,1,1,1,239.0,157806.75,88.79865771812081
8,2430.0,1931,1335.0,2,1,1,705.5,157806.75,88.0267741633301
5,1223.75,1990,2599.5,4,1,2,239.0,253198.0,88.0267741633301
7,2800.0,1991,838.75,4,0,3,239.0,157806.75,164.89676113360323
5,1223.75,1991,1880.0,1,1,1,705.5,157806.75,88.0267741633301
8,2800.0,1991,838.75,4,0,3,239.0,219462.0,307.03622550900263
8,2800.0,1961,1207.0,1,0,1,239.0,157806.75,88.0267741633301
6,1875.0,1991,1758.0,2,2,1,454.0,244905.0,139.30887372013652
7,1941.0,1975,1967.0,4,1,2,705.5,345070.0,175.4295882053889
4,1223.75,1935,1327.0,2,1,3,582.0,385333.25,307.03622550900263
6,2396.0,1931,1814.0,4,2,1,239.0,157806.75,88.0267741633301
8,1223.75,1991,2599.5,2,1,2,579.0,385333.25,143.53148854961833
4,1223.75,1991,1360.0,1,1,2,705.5,286977.0,211.0125
6,2800.0,1969,838.75,2,2,2,672.0,157806.75,218.97527472527472
8,2648.0,1991,2599.5,3,0,1,705.5,157806.75,88.0267741633301
8,1967.0,1931,838.75,2,1,1,664.0,260127.0,307.03622550900263
3,1223.75,1975,2522.0,3,2,3,386.0,221826.0,88.0267741633301
8,2200.0,1987,838.75,3,0,1,335.0,170319.0,232.3587994542974
8,2800.0,1991,838.75,1,1,2,586.0,385333.25,307.03622550900263
6,2800.0,1968,2070.0,3,1,1,239.0,325011.0,157.01014492753623
5,1630.0,1991,1509.0,2,0,3,705.5,284317.0,188.41418157720344
8,2450.0,1931,2599.5,4,2,1,239.0,203177.0,88.0267741633301
8,2800.0,1982,908.0,3,1,1,239.0,385333.25,307.03622550900263
5,1223.75,1936,2384.0,2,2,1,239.0,157806.75,88.0267741633301
8,2463.0,1964,2599.5,4,2,3,705.5,250151.0,90.0471562275018
7,1508.0,1931,838.75,1,2,3,365.0,385333.25,307.03622550900263
3,1296.0,1931,2197.0,2,2,2,705.5,221872.0,100.98862084660901
6,2800.0,1931,1918.0,3,1,1,705.5,178326.0,92.97497393117831
3,1712.0,1953,2599.5,2,1,3,670.0,355051.0,118.70645269140756
3,1223.75,1938,2126.0,3,2,3,685.0,325087.0,152.9101599247413
5,1712.0,1990,838.75,2,1,1,323.0,385333.25,307.03622550900263
8,2800.0,1931,838.75,2,0,3,705.5,192304.0,272.77163120567377
8,1223.75,1931,1189.0,3,0,3,705.5,361934.0,304.40201850294363
3,2363.0,1931,995.0,3,2,1,477.0,157806.75,128.62010050251257
3,2800.0,1931,2599.5,3,1,3,239.0,385333.25,145.12507534659434
6,1384.0,1968,838.75,3,1,3,239.0,273584.0,307.03622550900263
8,2032.0,1951,2599.5,3,1,3,239.0,218626.0,88.0267741633301
8,1223.75,1991,838.75,2,0,3,239.0,333533.0,307.03622550900263
8,1244.0,1931,838.75,2,2,1,705.5,157806.75,151.4979702300406
3,1781.0,1991,1533.0,4,2,3,239.0,385333.25,254.45270711024136
6,1223.75,1983,838.75,1,0,2,386.0,157806.75,146.50651769087523
5,1223.75,1931,1555.0,1,2,3,538.0,157806.75,88.0267741633301
5,1223.75,1965,2599.5,4,2,2,705.5,288868.0,88.0267741633301
4,2729.0,1940,838.75,2,2,3,349.0,213283.0,297.88128491620114
3,1223.75,1931,2599.5,3,1,3,430.0,338151.0,108.41647964091055
7,1329.0,1971,838.75,2,1,3,239.0,157806.75,307.03622550900263
3,2343.0,1949,838.75,4,2,3,384.0,385333.25,307.03622550900263
5,2800.0,1991,1882.0,1,1,1,705.5,201148.0,106.87991498405951
8,2244.0,1973,2599.5,3,0,2,273.0,157806.75,88.0267741633301
6,1223.75,1944,2200.0,1,0,3,239.0,157806.75,88.0267741633301
8,1223.75,1991,1134.0,3,1,2,297.0,323590.0,285.35273368606704
8,1742.0,1931,2359.0,3,0,2,382.0,385333.25,181.08096651123358
8,2800.0,1931,838.75,4,2,3,356.0,328667.0,307.03622550900263
8,2800.0,1987,838.75,1,1,3,423.0,238165.0,307.03622550900263
8,2172.0,1939,1373.0,4,0,1,509.0,157806.75,101.01602330662782
8,2738.0,1991,1575.0,2,0,1,239.0,368053.0,233.68444444444444
8,2721.0,1948,2599.5,1,1,3,705.5,371583.0,114.68611111111112
4,1223.75,1942,2555.0,4,0,3,309.0,157806.75,88.0267741633301
3,1408.0,1931,1757.0,2,1,3,338.0,385333.25,242.33921457029027
7,1223.75,1986,1080.0,1,0,3,634.0,385333.25,307.03622550900263
8,2606.0,1991,838.75,3,1,1,705.5,385333.25,307.03622550900263
6,1223.75,1941,915.0,3,2,1,239.0,385333.25,307.03622550900263
4,1223.75,1980,2469.0,4,1,3,545.0,366690.0,148.5176184690158
8,1223.75,1980,838.75,1,0,3,597.0,265406.0,307.03622550900263
8,1414.0,1931,2599.5,1,2,1,705.5,247210.0,93.32200830502076
8,1601.0,1991,1646.0,3,2,1,239.0,243199.0,147.75151883353584
4,2800.0,1944,2109.0,3,2,1,705.5,385333.25,214.0787102892366
3,2522.0,1931,1579.0,3,2,1,705.5,385333.25,302.1659278024066
8,1499.0,1976,2599.5,2,1,1,534.0,157806.75,88.0267741633301
8,2287.0,1931,1404.0,3,1,1,705.5,175508.0,125.00569800569801
7,2007.0,1931,1320.0,3,0,3,366.0,157806.75,88.0267741633301
4,2800.0,1931,838.75,2,1,1,239.0,157806.75,307.03622550900263
8,1223.75,1987,1864.0,3,0,1,705.5,291257.0,156.25375536480686
7,1223.75,1985,2599.5,3,2,1,705.5,306757.0,103.77435723951285
8,2778.0,1931,1233.0,4,0,1,239.0,157806.75,88.0267741633301
7,2052.0,1991,838.75,3,2,1,440.0,385333.25,307.03622550900263
4,2800.0,1931,838.75,3,0,1,610.0,157806.75,307.03622550900263
8,1404.0,1991,1216.0,4,2,1,690.0,292015.0,240.14391447368422
4,1396.0,1990,838.75,1,2,3,239.0,385333.25,307.03622550900263
3,1546.0,1948,838.75,4,1,3,239.0,385333.25,307.03622550900263
8,2179.0,1932,838.75,2,1,2,705.5,385333.25,307.03622550900263
7,2538.0,1950,838.75,3,1,1,314.0,303701.0,307.03622550900263
4,1373.0,1931,1733.0,4,0,1,239.0,385333.25,273.38949798038084
5,2234.0,1981,1263.0,1,2,3,239.0,385333.25,307.03622550900263
8,1230.0,1937,2599.5,1,0,2,705.5,157806.75,88.0267741633301
6,2318.0,1991,2190.0,3,1,2,620.0,227388.0,103.83013698630137
8,1905.0,1931,838.75,4,1,3,705.5,157806.75,245.24105011933173
8,1223.75,1931,838.75,3,0,3,505.0,276688.0,307.03622550900263
6,2800.0,1991,838.75,4,1,3,248.0,157806.75,295.93131868131866
4,2800.0,1980,838.75,3,2,3,300.0,157806.75,217.4044776119403
5,1223.75,1940,838.75,3,0,1,239.0,160031.0,307.03622550900263
8,1223.75,1939,2329.0,2,1,3,705.5,157806.75,88.0267741633301
5,2133.0,1981,838.75,4,0,3,705.5,159175.0,307.03622550900263
5,2387.0,1967,838.75,4,0,1,239.0,157806.75,219.08489208633094
8,2800.0,1940,2599.5,4,0,3,705.5,157806.75,88.0267741633301
3,1692.0,1949,1117.0,4,0,1,503.0,249201.0,223.09847806624887
8,2800.0,1991,1908.0,4,1,1,705.5,225432.0,118.15094339622641
7,2800.0,1931,2599.5,2,0,2,705.5,157806.75,88.0267741633301
8,2800.0,1953,1547.0,1,2,3,634.0,179287.0,115.89334195216549
8,1317.0,1984,2599.5,4,0,1,474.0,263090.0,88.0267741633301
3,2800.0,1951,838.75,3,1,1,308.0,179324.0,307.03622550900263
6,1683.0,1931,838.75,4,1,3,377.0,385333.25,307.03622550900263
5,1223.75,1988,2599.5,1,0,1,599.0,222077.0,88.0267741633301
7,2246.0,1981,1585.0,2,0,3,239.0,157806.75,88.0267741633301
8,2800.0,1931,2599.5,4,2,2,245.0,162223.0,88.0267741633301
8,1703.0,1991,838.75,1,1,3,533.0,385333.25,307.03622550900263
3,1223.75,1991,2599.5,1,1,2,705.5,261944.0,88.91513917175831
8,2800.0,1931,1853.0,1,2,1,705.5,385333.25,258.15920129519697
3,1223.75,1931,838.75,3,0,3,705.5,157806.75,152.17329093799682
6,1223.75,1931,1592.0,4,2,3,427.0,385333.25,278.16331658291455
8,2585.0,1947,2599.5,4,1,2,400.0,261940.0,97.41167720342135
3,2800.0,1961,838.75,2,0,1,239.0,157806.75,307.03622550900263
4,2336.0,1949,1196.0,1,0,3,472.0,385333.25,307.03622550900263
4,2800.0,1991,1059.0,1,2,3,239.0,385333.25,307.03622550900263
3,1223.75,1988,853.0,2,2,3,694.0,157806.75,88.0267741633301
7,1223.75,1991,838.75,2,0,2,541.0,157806.75,191.66927083333334
7,1223.75,1967,1605.0,2,2,2,705.5,271559.0,169.19563862928348
3,2800.0,1931,2599.5,2,2,2,239.0,157806.75,88.0267741633301
3,1413.0,1991,1308.0,1,1,3,705.5,157806.75,101.93807339449542
5,1223.75,1947,1447.0,1,1,1,705.5,385333.25,294.9702833448514
3,1732.0,1982,2599.5,2,1,3,409.0,385333.25,152.74991751897065
3,2800.0,1936,1009.0,2,2,1,239.0,231625.0,229.5589692765114
6,1223.75,1967,2599.5,4,2,1,328.0,337426.0,124.60339734121122
5,2416.0,1957,838.75,2,2,1,495.0,157806.75,232.71964285714284
8,2800.0,1934,838.75,1,0,3,619.0,314569.0,307.03622550900263
3,2800.0,1948,2599.5,3,0,1,705.5,385333.25,172.25208044382802
8,1223.75,1931,838.75,1,2,3,514.0,332847.0,307.03622550900263
5,1773.0,1991,1682.0,2,2,3,705.0,385333.25,260.885255648038
6,1223.75,1971,2599.5,2,1,1,567.0,157806.75,88.0267741633301
8,1937.0,1931,2583.0,3,1,3,239.0,246796.0,95.54626403406891
3,2800.0,1966,2460.0,4,1,1,634.0,179824.0,88.0267741633301
8,2527.0,1975,2238.0,4,2,1,372.0,157806.75,88.0267741633301
8,1223.75,1931,2512.0,3,1,1,481.0,210428.0,88.0267741633301
3,1485.0,1931,2599.5,3,2,2,436.0,157806.75,88.0267741633301
6,1896.0,1948,1658.0,2,0,1,539.0,183019.0,110.3854041013269
4,2800.0,1931,838.75,1,0,1,465.0,385333.25,307.03622550900263
3,2800.0,1959,900.0,4,1,3,573.0,385333.25,307.03622550900263
5,1223.75,1946,2599.5,2,1,3,705.5,157806.75,88.0267741633301
3,2800.0,1971,838.75,1,1,1,705.5,370280.0,307.03622550900263
6,2800.0,1991,2599.5,1,0,3,705.5,157806.75,88.0267741633301
3,2085.0,1960,2599.5,1,1,1,614.0,385333.25,154.45089955022488
3,1223.75,1976,838.75,4,1,2,584.0,189455.0,307.03622550900263
3,1774.0,1931,2076.0,2,2,2,239.0,183537.0,88.40895953757226
6,2726.0,1936,1769.0,4,0,3,705.5,385333.25,244.4737139626908
6,1697.0,1931,1707.0,3,2,2,239.0,157806.75,88.0267741633301
6,1223.75,1931,2003.0,4,1,2,663.0,385221.0,192.3220169745382
4,1906.0,1991,2599.5,1,1,3,239.0,217624.0,88.0267741633301
3,2800.0,1931,1512.0,3,2,1,465.0,157806.75,88.0267741633301
4,1223.75,1935,2599.5,4,0,1,541.0,226575.0,88.0267741633301
7,2800.0,1937,2095.0,4,2,2,239.0,157806.75,88.0267741633301
8,2165.0,1931,838.75,3,2,3,705.5,385333.25,307.03622550900263
7,1642.0,1988,1054.0,2,0,2,500.0,385333.25,307.03622550900263
8,2149.0,1931,1396.0,4,2,1,705.5,292339.0,209.41189111747852
4,1454.0,1932,2599.5,2,2,3,595.0,385333.25,141.49460960470435
8,1223.75,1931,838.75,4,0,2,699.0,270566.0,307.03622550900263
8,1223.75,1931,838.75,2,0,2,347.0,385333.25,307.03622550900263
3,1723.0,1991,838.75,3,2,1,705.5,157806.75,133.6898148148148
3,2800.0,1931,839.0,1,0,1,239.0,315092.0,307.03622550900263
8,1514.0,1991,1784.0,1,2,1,239.0,253097.0,141.87051569506727
3,1223.75,1978,2346.0,1,0,1,657.0,243609.0,103.84015345268543
7,2640.0,1991,838.75,3,1,3,705.5,268150.0,307.03622550900263
3,2800.0,1991,2599.5,3,2,1,705.5,374739.0,132.22971065631617
3,2200.0,1976,838.75,4,1,3,626.0,385333.25,307.03622550900263
8,1560.0,1931,838.75,1,1,2,239.0,261906.0,307.03622550900263
6,2173.0,1980,2599.5,3,0,3,704.0,157806.75,88.0267741633301
8,1223.75,1939,2013.0,4,1,1,705.5,157806.75,88.0267741633301
3,1770.0,1991,2188.0,2,0,1,638.0,385333.25,226.56307129798904
6,2800.0,1944,2599.5,4,1,1,239.0,209776.0,88.0267741633301
8,1223.75,1971,1588.0,1,1,2,705.5,238648.0,150.28211586901764
8,1552.0,1991,2599.5,2,0,2,393.0,207118.0,88.0267741633301
7,1903.0,1931,838.75,4,1,1,239.0,324878.0,307.03622550900263
8,2800.0,1931,2599.5,4,2,3,705.5,256118.0,88.0267741633301
8,2800.0,1991,2599.5,1,2,3,705.5,157806.75,88.0267741633301
3,2508.0,1931,2599.5,1,1,2,256.0,385333.25,136.66322378716745
3,1223.75,1991,2569.0,2,0,3,370.0,157806.75,88.0267741633301
8,2555.0,1950,1846.0,1,1,2,239.0,385333.25,265.45178764897076
7,1223.75,1967,2528.0,2,2,2,409.0,385311.0,152.4173259493671
4,1223.75,1931,2599.5,1,0,1,374.0,345078.0,100.7821261682243
4,2800.0,1991,1418.0,1,0,1,239.0,346019.0,244.01904090267982
4,2800.0,1962,1776.0,1,2,1,705.5,175292.0,98.70045045045045
3,1223.75,1964,2599.5,3,2,3,239.0,176864.0,88.0267741633301
8,2400.0,1991,1814.0,4,0,1,636.0,385333.25,248.4377067254686
8,2547.0,1970,2599.5,2,2,3,239.0,376486.0,110.99233490566037
4,2016.0,1972,2599.5,2,0,3,239.0,215099.0,88.0267741633301
5,2523.0,1991,960.0,1,1,1,239.0,385333.25,307.03622550900263
7,1952.0,1980,1903.0,1,2,3,280.0,164266.0,88.0267741633301
8,2800.0,1976,838.75,4,1,1,239.0,385333.25,307.03622550900263
3,2800.0,1991,2599.5,4,0,3,437.0,361390.0,122.42208672086721
8,2477.0,1991,2538.0,4,0,1,705.5,367941.0,144.9728132387707
8,2537.0,1991,2599.5,1,0,3,239.0,232941.0,88.0267741633301
7,2800.0,1991,2599.5,2,1,2,239.0,277529.0,103.40126676602087
4,1223.75,1931,1153.0,4,0,2,239.0,323350.0,280.44232437120553
3,1330.0,1991,838.75,2,1,3,705.5,157806.75,146.6015625
8,1223.75,1931,2599.5,3,0,3,705.0,174273.0,88.0267741633301
8,2800.0,1965,2599.5,3,0,3,239.0,335953.0,106.71950444726811
4,2800.0,1931,2438.0,1,0,1,673.0,157806.75,88.0267741633301
3,2624.0,1931,838.75,3,1,1,520.0,363695.0,307.03622550900263
3,2800.0,1991,2367.0,4,2,1,585.0,157806.75,88.0267741633301
7,2310.0,1952,1918.0,2,0,1,385.0,157806.75,88.0267741633301
4,1750.0,1931,1133.0,2,0,3,239.0,273287.0,241.20653133274493
5,1522.0,1991,1291.0,2,1,3,705.5,385333.25,307.03622550900263
8,1661.0,1965,2599.5,2,2,2,343.0,175464.0,88.0267741633301
4,1629.0,1933,1904.0,1,0,1,494.0,331406.0,174.0577731092437
3,2543.0,1971,838.75,1,0,1,705.5,385333.25,307.03622550900263
5,1964.0,1991,2599.5,4,2,3,577.0,385333.25,125.08420718144265
8,1223.75,1984,1989.0,4,0,3,239.0,184315.0,92.66716943187531
6,1642.0,1991,2251.0,4,2,3,239.0,307267.0,136.50244335850732
4,2800.0,1948,1826.0,4,0,3,424.0,328349.0,179.8187294633078
8,1559.0,1991,2599.5,3,0,1,239.0,385333.25,127.40366372260387
8,1412.0,1931,1287.0,1,2,3,325.0,212013.0,164.73426573426573
3,1595.0,1931,2599.5,4,2,1,456.0,227961.0,88.0267741633301
4,2800.0,1969,1686.0,2,0,3,573.0,303964.0,180.2870699881376
8,1223.75,1931,2287.0,1,2,3,239.0,245908.0,107.5242675994753
3,1223.75,1956,1039.0,3,0,1,239.0,337265.0,307.03622550900263
7,1223.75,1991,2054.0,3,2,3,525.0,157806.75,88.0267741633301
3,2292.0,1991,2289.0,4,0,3,239.0,373982.0,163.3822629969419
3,1389.0,1991,2366.0,4,0,3,658.0,184707.0,88.0267741633301
8,2800.0,1991,2349.0,2,0,3,705.5,372424.0,158.54576415495956
8,2478.0,1954,838.75,2,2,1,705.5,157806.75,132.58068614993647
3,1452.0,1972,1710.0,3,1,2,705.5,157806.75,88.0267741633301
8,2800.0,1931,1056.0,3,2,3,472.0,228331.0,216.22253787878788
3,1566.0,1931,2076.0,3,0,3,250.0,261399.0,125.91473988439306
8,2664.0,1981,838.75,4,2,1,705.5,385333.25,307.03622550900263
8,1223.75,1937,838.75,2,1,3,487.0,370634.0,307.03622550900263
4,2714.0,1931,838.75,2,0,3,705.5,178843.0,307.03622550900263
8,1223.75,1991,838.75,3,1,3,352.0,312309.0,307.03622550900263
8,1223.75,1973,838.75,1,2,1,239.0,385333.25,307.03622550900263
6,2800.0,1977,2599.5,4,1,1,705.5,278238.0,95.05910488554834
7,2790.0,1931,838.75,1,0,2,705.5,215125.0,307.03622550900263
3,1572.0,1931,1369.0,4,1,1,393.0,338302.0,247.11614317019723
8,1223.75,1991,2500.0,3,0,3,705.5,330383.0,132.1532
3,1223.75,1991,2599.5,3,1,1,705.5,187829.0,88.0267741633301
6,1223.75,1944,1765.0,1,1,1,239.0,307660.0,174.31161473087818
7,1223.75,1958,838.75,1,2,1,558.0,339568.0,307.03622550900263
3,1994.0,1931,2599.5,2,0,2,705.5,285587.0,105.07247976453274
8,1556.0,1932,2531.0,2,1,2,309.0,225053.0,88.91860924535757
3,1223.75,1991,1472.0,4,2,3,239.0,385333.25,278.8838315217391
3,2587.0,1966,838.75,3,1,3,239.0,157806.75,172.18170731707318
3,1761.0,1991,1624.0,1,1,1,239.0,317921.0,195.76416256157634
3,1223.75,1959,2599.5,1,0,2,361.0,385333.25,185.1457791000372
7,2800.0,1939,1912.0,2,1,2,662.0,364309.0,190.538179916318
3,1223.75,1978,2202.0,4,2,1,239.0,295388.0,134.14532243415078
7,1338.0,1971,1403.0,4,2,3,308.0,385333.25,282.89736279401285
7,1223.75,1972,2599.5,2,2,3,705.5,385333.25,160.0516151685393
7,1345.0,1938,2296.0,3,1,3,255.0,327719.0,142.734756097561
8,1223.75,1989,2034.0,2,1,1,554.0,232838.0,114.47295968534907
7,2635.0,1980,1206.0,1,0,3,663.0,385333.25,307.03622550900263
3,1223.75,1991,2187.0,4,1,3,367.0,185900.0,88.0267741633301
3,2800.0,1940,2599.5,1,2,3,698.0,183226.0,88.0267741633301
8,2403.0,1931,1071.0,1,2,3,239.0,327165.0,305.4761904761905
3,2800.0,1933,2189.0,3,0,3,705.5,197821.0,90.37048880767473
3,1223.75,1935,2599.5,2,2,1,633.0,384301.0,127.97236097236097
5,1223.75,1931,838.75,4,0,3,239.0,157806.75,286.363238512035
3,2738.0,1972,945.0,3,1,3,632.0,214053.0,226.51111111111112
3,2800.0,1931,1166.0,4,1,2,705.5,340311.0,291.86192109777016
8,2415.0,1991,1927.0,1,1,2,239.0,157806.75,88.0267741633301
3,1995.0,1958,2599.5,1,2,3,705.5,337771.0,97.90463768115941
5,1223.75,1959,2599.5,2,0,3,705.5,157806.75,88.0267741633301
4,2120.0,1938,838.75,2,0,1,239.0,285483.0,307.03622550900263
8,1223.75,1931,2044.0,2,0,2,475.0,157806.75,88.0267741633301
3,2650.0,1949,2599.5,2,2,3,376.0,157806.75,88.0267741633301
3,1983.0,1948,1350.0,1,2,2,601.0,385333.25,307.03622550900263
8,2628.0,1935,1568.0,4,1,3,696.0,385333.25,287.2595663265306
6,1547.0,1931,2479.0,3,0,2,476.0,385333.25,192.0516337232755
6,1617.0,1931,1667.0,3,1,2,239.0,316609.0,189.9274145170966
3,1235.0,1991,1375.0,3,2,2,239.0,302875.0,220.27272727272728
8,1223.75,1971,1131.0,2,1,3,705.5,157806.75,98.31476569407604
3,2800.0,1991,1426.0,3,2,1,705.5,198074.0,138.90182328190744
8,1223.75,1931,2210.0,1,2,2,239.0,385333.25,175.79502262443438
5,1356.0,1963,1480.0,1,1,2,702.0,369836.0,249.88918918918918
7,2797.0,1944,2599.5,4,0,1,283.0,385333.25,132.21416468993561
8,2800.0,1991,2599.5,1,1,1,244.0,385333.25,155.01410998552822
3,2800.0,1931,1201.0,1,0,3,303.0,157806.75,100.06161532056619
7,2800.0,1991,2599.5,3,1,3,705.5,385333.25,125.11735791090629
6,2332.0,1965,2535.0,3,2,2,586.0,385333.25,153.46666666666667
3,2317.0,1931,838.75,3,1,3,239.0,240655.0,307.03622550900263
5,1223.75,1938,985.0,2,0,1,362.0,190927.0,193.83451776649747
3,1551.0,1966,1477.0,2,1,1,705.5,157806.75,88.0267741633301
8,1460.0,1954,2599.5,3,0,3,705.5,385333.25,170.08978328173376
3,1223.75,1931,2599.5,1,1,3,705.5,176955.0,88.0267741633301
3,1740.0,1931,895.0,3,2,2,239.0,385333.25,307.03622550900263
8,1882.0,1989,838.75,4,2,2,626.0,258559.0,307.03622550900263
3,1675.0,1931,2599.5,1,1,2,519.0,385333.25,168.2528993640105
3,1223.75,1991,2231.0,2,0,2,564.0,201874.0,90.48588077095472
3,2800.0,1991,2209.0,3,0,3,705.5,157806.75,88.0267741633301
8,2800.0,1991,838.75,2,0,1,388.0,157806.75,307.03622550900263
7,2800.0,1944,2184.0,2,2,3,705.5,264120.0,120.93406593406593
5,2800.0,1963,1452.0,4,2,3,588.0,157806.75,88.0267741633301
8,2800.0,1931,838.75,2,2,1,546.0,187985.0,307.03622550900263
8,2800.0,1984,1506.0,2,2,1,705.5,157806.75,93.37051792828686
6,2800.0,1931,2599.5,2,0,3,239.0,372303.0,124.76642091152814
3,1543.0,1979,2224.0,1,0,3,660.0,157806.75,88.0267741633301
8,1929.0,1935,2599.5,1,2,1,306.0,157806.75,88.0267741633301
3,2800.0,1978,838.75,4,1,1,688.0,206996.0,307.03622550900263
5,2800.0,1931,2599.5,4,1,1,543.0,157806.75,88.0267741633301
8,2236.0,1991,838.75,2,1,3,705.5,330649.0,307.03622550900263
3,2800.0,1991,2599.5,4,1,3,705.5,304593.0,89.32346041055719
6,1302.0,1991,838.75,4,0,2,705.5,385333.25,307.03622550900263
8,1223.75,1931,1624.0,3,1,1,239.0,380661.0,234.39716748768473
3,1392.0,1941,2599.5,4,2,1,588.0,385333.25,141.79215270413573
8,1802.0,1988,2599.5,1,2,1,705.5,218467.0,88.0267741633301
3,1718.0,1931,839.0,1,1,3,705.5,385333.25,307.03622550900263
8,2800.0,1991,838.75,4,1,1,449.0,267274.0,307.03622550900263
6,1933.0,1991,1455.0,4,0,2,605.0,274690.0,188.79037800687286
5,2216.0,1991,2599.5,3,1,1,239.0,385333.25,171.1998562185478
8,2800.0,1959,1979.0,1,1,1,414.0,256600.0,129.66144517433048
7,1223.75,1991,2599.5,1,1,1,705.5,385333.25,168.65588752196837
6,1223.75,1962,1710.0,2,1,1,559.0,176011.0,102.93040935672515
8,2045.0,1931,1943.0,2,0,1,239.0,218638.0,112.5259907359753
4,2800.0,1940,2599.5,4,0,1,266.0,208512.0,88.0267741633301
8,1767.0,1991,2290.0,2,2,1,705.5,326764.0,142.69170305676855
3,1223.75,1991,2599.5,4,1,1,239.0,167202.0,88.0267741633301
8,1789.0,1954,1529.0,2,2,1,705.5,321548.0,210.29954218443427
6,1233.0,1937,838.75,1,2,3,446.0,306640.0,307.03622550900263
3,1223.75,1946,1657.0,1,1,2,239.0,212263.0,128.10078455039226
8,2036.0,1931,2599.5,3,0,1,318.0,273760.0,93.75342465753425
3,1228.0,1931,838.75,3,0,3,695.0,326698.0,307.03622550900263
4,2355.0,1971,2043.0,4,1,3,661.0,348456.0,170.56093979441997
8,2501.0,1931,838.75,3,1,3,360.0,385333.25,307.03622550900263
3,1389.0,1972,2599.5,1,2,1,288.0,157806.75,88.0267741633301
5,1237.0,1945,838.75,1,0,1,239.0,385333.25,307.03622550900263
4,1851.0,1985,838.75,1,0,2,239.0,289578.0,307.03622550900263
5,1223.75,1980,2599.5,1,2,2,705.5,157806.75,88.0267741633301
3,1223.75,1991,838.75,2,0,1,239.0,191756.0,307.03622550900263
5,1409.0,1991,838.75,1,0,1,705.5,341939.0,307.03622550900263
8,2800.0,1931,2599.5,4,2,3,618.0,157806.75,88.0267741633301
3,1491.0,1933,2133.0,1,2,3,705.5,334650.0,156.8917018284107
5,1223.75,1988,2599.5,1,1,1,239.0,221443.0,88.0267741633301
5,1223.75,1991,2599.5,3,2,3,666.0,329140.0,97.72565320665083
7,1777.0,1991,1046.0,3,1,3,239.0,164368.0,157.1395793499044
5,2800.0,1991,838.75,2,1,3,252.0,310023.0,307.03622550900263
3,2366.0,1931,838.75,4,0,1,239.0,385333.25,307.03622550900263
8,2108.0,1931,838.75,1,1,3,532.0,173197.0,307.03622550900263
4,2791.0,1991,1188.0,4,0,3,239.0,385333.25,307.03622550900263
3,1223.75,1991,2300.0,3,0,1,705.5,159263.0,88.0267741633301
3,2800.0,1991,2065.0,3,1,3,243.0,208037.0,100.74430992736077
7,1223.75,1991,1740.0,1,2,1,239.0,215439.0,123.81551724137931
3,1900.0,1984,838.75,2,2,3,705.5,188339.0,307.03622550900263
3,1770.0,1931,838.75,1,1,3,392.0,215983.0,307.03622550900263
8,1223.75,1931,1961.0,2,1,2,705.5,157806.75,88.0267741633301
4,1871.0,1991,2599.5,3,1,3,490.0,385333.25,155.86439545758182
3,1223.75,1991,1921.0,3,0,1,587.0,157806.75,88.0267741633301
6,2485.0,1931,838.75,4,1,1,705.5,162312.0,216.70493991989318
7,1253.0,1991,2599.5,2,2,1,705.5,157806.75,88.0267741633301
3,1302.0,1961,2282.0,2,1,2,414.0,165313.0,88.0267741633301
3,1223.75,1944,838.75,4,1,1,239.0,385333.25,307.03622550900263
8,1377.0,1931,838.75,3,1,3,705.5,385333.25,307.03622550900263
5,2800.0,1968,838.75,4,2,1,494.0,230014.0,307.03622550900263
3,2800.0,1991,1559.0,1,0,3,705.5,157806.75,88.0267741633301
5,2082.0,1931,838.75,4,2,1,488.0,199361.0,307.03622550900263
3,1223.75,1991,2599.5,1,0,1,705.5,385333.25,177.46697942980873
8,2800.0,1960,2599.5,2,0,1,705.5,333482.0,123.64923989618094
8,2800.0,1936,2599.5,1,0,3,286.0,157806.75,88.0267741633301
4,2800.0,1960,2599.5,2,1,3,705.5,231852.0,88.0267741633301
8,2800.0,1971,1166.0,4,1,3,705.5,282216.0,242.03773584905662
3,2800.0,1937,2599.5,4,2,1,601.0,157806.75,88.0267741633301
7,2800.0,1931,838.75,4,0,1,239.0,269367.0,307.03622550900263
7,2800.0,1931,838.75,1,1,1,705.5,157806.75,88.0267741633301
7,2217.0,1944,838.75,3,0,1,275.0,304733.0,307.03622550900263
7,2800.0,1957,2093.0,4,2,3,705.5,308803.0,147.54085045389394
3,2436.0,1935,1887.0,2,2,1,428.0,385333.25,213.1690514043455
4,1223.75,1991,2328.0,2,2,1,239.0,385333.25,208.5545532646048
3,2800.0,1975,2599.5,4,1,1,239.0,157806.75,88.0267741633301
6,2595.0,1945,838.75,1,0,1,609.0,157806.75,259.95548961424333
3,1223.75,1931,2056.0,1,1,3,705.5,162194.0,88.0267741633301
8,1524.0,1971,1068.0,4,1,1,239.0,385333.25,307.03622550900263
3,2202.0,1991,1073.0,2,0,2,705.5,210408.0,196.0931966449208
8,1268.0,1955,838.75,3,1,1,585.0,157806.75,181.73565217391305
8,2800.0,1931,838.75,3,1,1,705.5,157806.75,307.03622550900263
8,2800.0,1941,1171.0,2,2,3,239.0,206956.0,176.734415029889
6,1457.0,1969,2351.0,1,2,1,550.0,268049.0,114.01488728200766
3,1223.75,1957,2240.0,2,0,3,692.0,334838.0,149.48125
3,2253.0,1973,2599.5,4,1,2,239.0,310473.0,116.15151515151516
3,2800.0,1991,1058.0,2,1,3,705.5,351823.0,307.03622550900263
7,1223.75,1991,1401.0,3,1,1,239.0,159889.0,114.1249107780157
5,1620.0,1931,2505.0,1,0,3,366.0,157806.75,88.0267741633301
8,1223.75,1977,2599.5,2,1,3,239.0,180030.0,88.0267741633301
3,1223.75,1931,2365.0,4,1,1,239.0,157806.75,88.0267741633301
8,1223.75,1956,2052.0,3,0,3,514.0,344613.0,167.94005847953215
8,2086.0,1991,951.0,4,1,3,239.0,343568.0,307.03622550900263
7,1339.0,1979,838.75,3,2,1,424.0,385333.25,307.03622550900263
3,1223.75,1973,2515.0,4,0,1,239.0,385333.25,187.1590457256461
4,2800.0,1933,1579.0,1,0,2,239.0,157806.75,88.0267741633301
8,1447.0,1991,2585.0,2,2,1,239.0,219510.0,88.0267741633301
5,2800.0,1931,2599.5,1,1,2,451.0,221347.0,88.0267741633301
4,1223.75,1991,1098.0,4,2,1,239.0,157806.75,88.0267741633301
4,1330.0,1931,1112.0,2,1,2,239.0,385333.25,307.03622550900263
3,1223.75,1955,2242.0,2,2,2,425.0,385333.25,208.6342551293488
8,1455.0,1931,838.75,3,0,3,403.0,157806.75,176.62552594670407
5,1382.0,1959,1163.0,2,2,1,499.0,385333.25,307.03622550900263
8,1582.0,1931,838.75,1,1,3,239.0,214213.0,307.03622550900263
3,2800.0,1991,2599.5,2,0,1,705.5,324000.0,102.40202275600505
3,1514.0,1991,2599.5,1,0,3,239.0,332463.0,101.08330799635148
3,1540.0,1991,2599.5,2,2,3,416.0,385333.25,145.25902668759812
4,2800.0,1991,2547.0,4,2,1,429.0,332472.0,130.53474676089516
8,2800.0,1991,1578.0,2,1,2,239.0,264597.0,167.6787072243346
3,1978.0,1972,2599.5,3,2,1,705.5,188167.0,88.0267741633301
8,2800.0,1985,2599.5,4,0,3,239.0,385333.25,187.32891748675246
3,1223.75,1965,838.75,1,1,1,239.0,385333.25,307.03622550900263
7,1465.0,1931,2599.5,2,2,2,537.0,289781.0,92.05241423125794
3,1538.0,1957,838.75,3,0,1,305.0,157806.75,137.2173913043478
7,2134.0,1981,1653.0,1,1,2,705.5,385333.25,285.6999395039322
8,2800.0,1989,1291.0,2,2,2,239.0,179420.0,138.9775367931836
8,2800.0,1961,838.75,4,1,3,661.0,385333.25,307.03622550900263
8,2800.0,1991,2577.0,4,1,3,239.0,202779.0,88.0267741633301
3,2608.0,1991,2221.0,2,2,2,625.0,215392.0,96.979738856371
3,1677.0,1990,2599.5,2,2,3,624.0,157806.75,88.0267741633301
5,2800.0,1991,2599.5,3,1,1,705.5,385333.25,149.84702907711758
6,2511.0,1931,838.75,4,0,1,239.0,272053.0,307.03622550900263
3,2800.0,1979,1164.0,2,1,2,239.0,157806.75,121.16752577319588
3,1223.75,1991,2599.5,3,1,1,392.0,269458.0,88.0267741633301
6,1290.0,1960,838.75,2,0,2,460.0,236544.0,307.03622550900263
3,2306.0,1933,838.75,2,0,3,705.5,385333.25,307.03622550900263
5,1377.0,1931,2599.5,3,1,1,239.0,308199.0,97.28503787878788
7,2628.0,1972,1137.0,3,1,1,705.5,157806.75,88.0267741633301
3,1223.75,1959,2196.0,4,2,3,553.0,380410.0,173.22859744990893
7,2800.0,1950,838.75,1,1,3,554.0,157806.75,307.03622550900263
8,1223.75,1980,2599.5,2,1,2,310.0,187789.0,88.0267741633301
3,1633.0,1991,838.75,4,1,1,705.5,385333.25,307.03622550900263
4,2800.0,1991,2580.0,4,2,1,342.0,231040.0,89.55038759689923
8,1491.0,1988,1460.0,3,2,1,705.5,157806.75,88.0267741633301
8,1499.0,1942,2599.5,2,0,2,239.0,214770.0,88.0267741633301
8,2515.0,1931,2565.0,3,2,3,239.0,385333.25,178.8035087719298
3,2595.0,1969,1080.0,4,2,1,614.0,385333.25,307.03622550900263
3,1866.0,1937,2046.0,2,2,3,696.0,157806.75,88.0267741633301
8,1471.0,1958,2599.5,2,0,3,552.0,385333.25,136.2674885321101
8,1223.75,1956,2599.5,2,1,2,239.0,385333.25,125.37222053000305
3,2231.0,1931,912.0,3,0,1,608.0,305312.0,307.03622550900263
5,1771.0,1950,1814.0,4,1,2,439.0,157806.75,88.0267741633301
8,2800.0,1990,1354.0,4,0,1,502.0,157806.75,88.61521418020679
3,1810.0,1940,1014.0,2,1,1,239.0,157806.75,88.0267741633301
4,1223.75,1955,838.75,2,1,1,704.0,261027.0,307.03622550900263
6,1223.75,1991,838.75,2,0,1,578.0,274181.0,307.03622550900263
8,2634.0,1931,2599.5,3,0,1,549.0,385333.25,128.59486873508354
6,2151.0,1976,838.75,4,1,2,594.0,350699.0,307.03622550900263
3,2747.0,1991,838.75,1,2,3,705.5,313070.0,307.03622550900263
5,2800.0,1975,2599.5,4,2,1,705.5,261713.0,88.0267741633301
4,1625.0,1971,2599.5,1,2,1,632.0,157806.75,88.0267741633301
4,1223.75,1991,2599.5,3,0,3,664.0,215068.0,88.0267741633301
6,2177.0,1931,2134.0,1,1,2,239.0,332174.0,155.65791940018744
4,2800.0,1983,2599.5,4,2,1,705.5,283071.0,88.0267741633301
4,1223.75,1931,2599.5,4,2,1,556.0,385333.25,153.24704049844237
3,2190.0,1971,985.0,1,0,3,394.0,157806.75,156.54720812182742
8,1223.75,1991,1747.0,1,2,2,239.0,312181.0,178.69547796222096
3,2590.0,1991,1255.0,4,2,3,705.5,385333.25,307.03622550900263
8,2592.0,1934,838.75,1,1,2,347.0,259397.0,307.03622550900263
4,2800.0,1969,2463.0,4,2,2,705.5,157806.75,88.0267741633301
7,2800.0,1991,1532.0,1,0,3,600.0,157806.75,88.0267741633301
3,1223.75,1971,1667.0,4,1,2,705.5,280378.0,168.19316136772645
5,1223.75,1976,838.75,3,2,1,239.0,157806.75,307.03622550900263
8,1223.75,1936,2599.5,4,0,1,338.0,315703.0,118.90885122410546
5,1223.75,1977,1226.0,3,0,1,239.0,167202.0,136.38009787928223
3,2800.0,1931,838.75,3,2,3,705.5,385333.25,307.03622550900263
4,2800.0,1960,1619.0,1,1,3,239.0,157806.75,88.0267741633301
3,1223.75,1991,2599.5,4,2,3,239.0,192070.0,88.0267741633301
3,1513.0,1931,1945.0,3,0,1,239.0,157806.75,88.0267741633301
3,2800.0,1991,1711.0,2,2,1,705.5,157806.75,88.0267741633301
4,2800.0,1946,838.75,1,0,1,683.0,385333.25,307.03622550900263
3,1223.75,1951,2599.5,4,1,3,588.0,157806.75,88.0267741633301
4,1223.75,1991,1955.0,2,0,1,294.0,267412.0,136.783631713555
8,1378.0,1988,838.75,4,2,3,239.0,385333.25,307.03622550900263
6,1223.75,1991,2599.5,4,0,1,583.0,351469.0,104.88481050432706
6,1223.75,1931,1786.0,3,0,3,239.0,385333.25,216.99384098544232
3,2735.0,1967,2031.0,1,2,3,442.0,385333.25,217.30280649926144
7,1223.75,1991,1157.0,2,1,3,705.5,157806.75,105.59291270527225
8,2800.0,1991,1260.0,1,2,3,307.0,385333.25,306.3801587301587
3,1223.75,1965,1362.0,4,2,1,578.0,157806.75,88.0267741633301
7,1223.75,1991,1629.0,2,2,1,705.5,245333.0,150.6034376918355
5,2567.0,1940,838.75,1,0,3,617.0,281644.0,307.03622550900263
3,2129.0,1968,2599.5,2,2,2,239.0,272812.0,103.49468892261001
3,1223.75,1991,1244.0,4,2,1,335.0,272049.0,218.68890675241158
4,2569.0,1931,2599.5,4,0,2,701.0,157806.75,88.0267741633301
4,1506.0,1931,1826.0,4,0,3,567.0,269135.0,147.39047097480832
3,1223.75,1991,2599.5,2,2,1,288.0,316605.0,110.85609243697479
3,2800.0,1991,838.75,3,1,3,705.5,157806.75,115.72357723577235
4,2509.0,1974,2599.5,4,0,3,239.0,157806.75,88.0267741633301
5,1233.0,1945,838.75,2,1,1,597.0,157806.75,93.60628465804066
3,1302.0,1991,1947.0,4,2,3,467.0,261141.0,134.12480739599383
7,2800.0,1931,2025.0,2,2,2,412.0,182209.0,89.97975308641975
6,1347.0,1964,1134.0,1,0,2,533.0,385333.25,307.03622550900263
3,2624.0,1971,2146.0,4,0,1,705.5,354710.0,165.28890959925442
7,1223.75,1964,1321.0,2,0,3,627.0,385333.25,307.03622550900263
8,2800.0,1991,2460.0,2,2,1,705.5,290452.0,118.06991869918699
8,1223.75,1931,2105.0,2,0,2,620.0,157806.75,88.0267741633301
6,2620.0,1931,838.75,2,0,3,705.5,225971.0,307.03622550900263
5,2800.0,1965,1660.0,1,2,1,239.0,185397.0,111.68493975903614
3,1547.0,1991,838.75,3,2,3,292.0,282657.0,307.03622550900263
8,2800.0,1991,838.75,1,2,1,565.0,157806.75,307.03622550900263
8,1615.0,1940,974.0,3,2,2,239.0,247335.0,253.93737166324436
7,1223.75,1976,838.75,1,0,1,689.0,157806.75,307.03622550900263
3,1223.75,1968,838.75,1,2,3,705.5,266541.0,307.03622550900263
5,1741.0,1957,944.0,4,2,1,705.5,202486.0,214.4978813559322
3,1223.75,1931,2402.0,1,0,3,282.0,385333.25,166.54412989175688
4,2800.0,1991,1178.0,1,0,3,239.0,385333.25,307.03622550900263
6,2800.0,1991,838.75,2,2,2,669.0,385333.25,307.03622550900263
5,2800.0,1931,1693.0,4,2,3,647.0,187275.0,110.61724748966331
3,1223.75,1946,2190.0,1,1,2,500.0,239875.0,109.53196347031964
3,1223.75,1990,2336.0,1,0,1,527.0,385333.25,182.4242294520548
3,2767.0,1954,2599.5,2,1,2,501.0,299698.0,109.37883211678832
3,2800.0,1976,838.75,4,0,3,281.0,294033.0,307.03622550900263
8,2567.0,1949,838.75,4,0,3,672.0,207080.0,285.6275862068965
3,2207.0,1943,2599.5,3,0,1,239.0,285480.0,96.41337386018238
8,1223.75,1931,2599.5,1,0,1,239.0,157806.75,88.0267741633301
7,2056.0,1936,2022.0,3,1,3,239.0,297270.0,147.01780415430267
8,2800.0,1959,2548.0,4,2,3,431.0,385333.25,154.90227629513345
3,1461.0,1931,838.75,1,0,1,705.5,351159.0,307.03622550900263
7,1794.0,1953,838.75,1,1,1,427.0,385333.25,307.03622550900263
6,2675.0,1977,2599.5,2,0,2,256.0,385333.25,150.86575947039353
8,2308.0,1931,1215.0,2,1,2,705.5,266092.0,219.00576131687242
3,2197.0,1991,1649.0,3,1,3,608.0,322798.0,195.75379017586417
6,1487.0,1978,2599.5,1,2,1,705.5,157806.75,88.0267741633301
7,2110.0,1931,1066.0,4,2,3,705.5,385333.25,307.03622550900263
4,2625.0,1991,2599.5,4,2,1,548.0,385333.25,141.65621118012422
5,2172.0,1981,1173.0,2,1,2,705.5,157806.75,102.82011935208867
6,2238.0,1991,2599.5,1,2,3,422.0,364186.0,120.07451368282229
3,2539.0,1931,2599.5,4,2,1,401.0,385333.25,147.69577039274924
8,2800.0,1931,993.0,3,2,3,279.0,385333.25,307.03622550900263
3,1223.75,1970,1650.0,2,2,3,647.0,368960.0,223.61212121212122
5,2244.0,1950,838.75,2,2,3,242.0,157806.75,307.03622550900263
7,1223.75,1931,2155.0,1,1,1,466.0,158325.0,88.0267741633301
8,2800.0,1931,1015.0,1,2,1,546.0,157806.75,92.98423645320197
3,2550.0,1991,2599.5,2,2,1,354.0,310983.0,101.09980494148245
8,1933.0,1951,838.75,4,0,1,495.0,157806.75,88.0267741633301
7,2622.0,1938,838.75,1,2,3,705.5,157806.75,307.03622550900263
7,1223.75,1991,838.75,2,2,2,239.0,158788.0,307.03622550900263
8,2300.0,1972,2599.5,3,0,3,239.0,297989.0,103.93756539937216
3,2551.0,1991,838.75,3,1,1,327.0,365637.0,307.03622550900263
4,2089.0,1931,838.75,1,1,3,659.0,243083.0,307.03622550900263
8,1223.75,1957,1337.0,4,0,1,348.0,385333.25,299.3792071802543
8,2800.0,1991,1456.0,1,2,2,581.0,385333.25,305.22596153846155
8,1223.75,1942,838.75,2,1,1,239.0,305365.0,307.03622550900263
3,1223.75,1958,1515.0,3,1,3,565.0,380599.0,251.22046204620463
8,1223.75,1952,1582.0,4,2,1,239.0,157806.75,88.0267741633301
8,2800.0,1991,2599.5,3,1,1,527.0,385333.25,156.03026227303295
3,2800.0,1987,2599.5,2,0,3,320.0,385333.25,165.30996563573882
5,2800.0,1937,1317.0,4,1,3,705.5,157806.75,88.0267741633301
8,2800.0,1962,838.75,4,2,3,259.0,204504.0,253.727047146402
8,1978.0,1980,2063.0,3,0,3,364.0,385333.25,191.32234609791567
7,2800.0,1931,2066.0,3,1,3,239.0,258106.0,124.93030009680542
5,1223.75,1942,838.75,3,0,2,239.0,184349.0,307.03622550900263
4,1473.0,1931,2400.0,4,2,1,705.5,385333.25,183.77291666666667
3,2800.0,1965,838.75,2,2,3,705.5,292191.0,307.03622550900263
3,1353.0,1954,2535.0,4,2,3,619.0,385333.25,184.37199211045365
8,1409.0,1991,1110.0,1,0,1,310.0,320964.0,289.15675675675675
5,1223.75,1963,838.75,4,0,3,705.5,182426.0,307.03622550900263
4,1355.0,1950,838.75,3,2,3,415.0,205702.0,307.03622550900263
7,1886.0,1934,1188.0,4,2,1,494.0,207645.0,174.78535353535352
8,1223.75,1931,2599.5,4,0,1,239.0,385333.25,134.74737910043964
7,1504.0,1931,2599.5,3,1,1,379.0,260309.0,88.0267741633301
3,2800.0,1931,838.75,2,0,3,451.0,157806.75,138.02429906542056
5,1223.75,1971,924.0,2,1,1,352.0,220434.0,238.56493506493507
5,2211.0,1991,838.75,4,1,1,705.5,166805.0,307.03622550900263
8,1353.0,1958,838.75,4,2,3,705.5,157806.75,88.0267741633301
8,1749.0,1975,2522.0,4,1,1,239.0,214680.0,88.0267741633301
6,2800.0,1936,2599.5,2,2,2,699.0,157806.75,88.0267741633301
8,1370.0,1942,838.75,4,2,3,447.0,157806.75,203.08896797153025
3,2800.0,1981,1840.0,3,1,3,239.0,250304.0,136.03478260869565
3,1352.0,1931,1800.0,1,2,1,239.0,385333.25,266.56333333333333
5,2800.0,1957,2599.5,3,0,2,611.0,157806.75,88.0267741633301
5,2502.0,1931,2027.0,1,0,3,533.0,373954.0,184.48643315244203
6,1223.75,1955,1680.0,4,2,1,520.0,385333.25,229.4047619047619
7,2158.0,1968,1595.0,3,1,3,239.0,157806.75,88.0267741633301
8,2800.0,1940,2599.5,1,2,1,502.0,385333.25,173.42285298398835
3,1408.0,1941,838.75,3,1,2,473.0,385333.25,307.03622550900263
3,1636.0,1979,2508.0,4,1,3,623.0,157806.75,88.0267741633301
3,1223.75,1991,2408.0,4,1,1,705.5,385333.25,187.10838870431894
8,1703.0,1991,2419.0,1,2,3,599.0,385333.25,183.07523770152955
3,2800.0,1954,2172.0,1,1,3,705.5,157806.75,88.0267741633301
6,1223.75,1991,1207.0,1,2,1,239.0,174671.0,144.71499585749794
8,2210.0,1949,2372.0,4,1,3,465.0,157806.75,88.0267741633301
3,1780.0,1991,1632.0,4,0,1,603.0,157806.75,88.0267741633301
8,2350.0,1991,2583.0,3,1,1,674.0,385333.25,181.44134727061555
5,1296.0,1991,1318.0,2,0,2,522.0,316005.0,239.7610015174507
4,1788.0,1991,1371.0,3,0,3,323.0,157806.75,99.15536105032822
8,1699.0,1961,2536.0,1,0,3,670.0,385333.25,160.87381703470032
5,2615.0,1939,966.0,2,0,1,705.5,157806.75,88.0267741633301
6,2800.0,1949,838.75,3,1,2,239.0,377040.0,307.03622550900263
3,1223.75,1984,1444.0,1,0,2,705.5,385333.25,286.1191135734072
7,2800.0,1931,1955.0,1,1,3,705.5,157806.75,88.0267741633301
8,2795.0,1931,2489.0,3,0,2,239.0,385333.25,164.85335476094818
3,2166.0,1966,2599.5,2,1,3,307.0,233285.0,88.0267741633301
7,2800.0,1978,838.75,2,0,1,519.0,385333.25,307.03622550900263
7,2325.0,1982,2452.0,3,0,1,610.0,157806.75,88.0267741633301
6,1564.0,1931,1523.0,4,0,3,651.0,207804.0,136.44386080105056
7,2175.0,1966,1350.0,3,0,1,239.0,276539.0,204.8437037037037
4,2788.0,1991,2599.5,2,1,1,288.0,385333.25,148.78070453824182
8,1223.75,1991,2599.5,3,1,2,239.0,305858.0,88.29618937644342
7,2800.0,1931,2599.5,3,2,3,454.0,315208.0,101.94307891332471
3,1223.75,1949,838.75,1,1,1,316.0,157806.75,307.03622550900263
4,2151.0,1931,1793.0,1,0,3,343.0,385333.25,249.1734523145566
8,2800.0,1991,838.75,1,2,2,239.0,157806.75,110.20367534456355
3,1223.75,1989,1302.0,1,1,3,705.5,264770.0,203.35637480798772
3,2800.0,1974,1969.0,4,1,3,239.0,272072.0,138.17775520568816
7,1832.0,1931,1951.0,4,0,3,705.5,385333.25,255.56125064069707
3,2588.0,1985,2036.0,4,1,1,705.5,385333.25,227.56188605108056
4,2800.0,1974,1304.0,3,2,2,591.0,385333.25,307.03622550900263
4,1223.75,1931,838.75,4,1,1,705.5,265433.0,307.03622550900263
3,1819.0,1991,838.75,3,0,1,570.0,292073.0,307.03622550900263
8,2800.0,1981,838.75,2,2,1,482.0,263161.0,307.03622550900263
3,2290.0,1945,838.75,3,1,1,545.0,157806.75,89.81942336874052
6,1965.0,1931,999.0,2,2,3,451.0,236174.0,236.4104104104104
3,2606.0,1974,2599.5,1,2,3,308.0,385333.25,151.45574886535553
8,1223.75,1950,1668.0,2,0,1,239.0,211361.0,126.7152278177458
8,2800.0,1991,2411.0,4,2,1,560.0,157806.75,88.0267741633301
8,1228.0,1931,921.0,1,0,1,373.0,385333.25,307.03622550900263
3,2800.0,1941,1049.0,2,0,1,633.0,157806.75,119.04099142040039
8,2800.0,1943,2435.0,1,1,2,239.0,166572.0,88.0267741633301
8,1419.0,1931,2599.5,3,1,3,250.0,211509.0,88.0267741633301
5,1442.0,1931,1093.0,3,1,2,567.0,157806.75,98.94144556267155
7,1223.75,1991,1993.0,3,0,3,482.0,168094.0,88.0267741633301
6,2800.0,1931,838.75,4,1,3,705.5,186929.0,235.42695214105794
7,1898.0,1971,1613.0,4,0,1,533.0,157806.75,88.0267741633301
8,2799.0,1991,883.0,4,2,3,327.0,157806.75,153.7916194790487
8,2800.0,1976,838.75,1,1,1,261.0,249844.0,307.03622550900263
3,2800.0,1931,2599.5,4,2,3,266.0,385333.25,152.7407147862649
3,2800.0,1982,2539.0,1,2,3,504.0,300901.0,118.5116187475384
8,2800.0,1931,2599.5,2,0,1,239.0,157806.75,88.0267741633301
7,1223.75,1931,2599.5,3,0,1,239.0,239890.0,88.0267741633301
5,2800.0,1972,838.75,3,1,1,705.5,385333.25,307.03622550900263
7,2800.0,1991,838.75,2,1,2,691.0,339913.0,307.03622550900263
8,1223.75,1931,2599.5,2,1,3,239.0,385333.25,126.26578472639808
3,2126.0,1970,838.75,4,0,3,467.0,298922.0,307.03622550900263
8,1223.75,1931,838.75,1,0,3,705.5,385333.25,307.03622550900263
6,1223.75,1983,1627.0,3,2,2,381.0,385333.25,267.89366933005533
3,2275.0,1939,1835.0,2,0,1,458.0,352400.0,192.04359673024524
8,2086.0,1954,1925.0,3,0,2,426.0,271567.0,141.07376623376624
8,1223.75,1991,2197.0,1,1,3,630.0,237569.0,108.13336367774238
3,1223.75,1969,2599.5,3,0,1,239.0,195473.0,88.0267741633301
6,1888.0,1991,2599.5,4,1,3,239.0,385333.25,140.45350788855322
3,1281.0,1946,2599.5,1,1,1,277.0,157806.75,88.0267741633301
3,2477.0,1981,1639.0,1,1,3,398.0,157806.75,88.0267741633301
3,2066.0,1991,928.0,3,1,3,705.5,157806.75,107.77801724137932
6,1917.0,1991,2599.5,3,0,2,613.0,385333.25,144.8943661971831
3,2800.0,1990,2272.0,4,1,1,239.0,240394.0,105.80721830985915
3,2800.0,1931,2599.5,2,1,1,705.5,385333.25,122.10897049969897
5,1223.75,1938,2599.5,3,0,2,308.0,328312.0,110.13485407581348
3,1223.75,1991,2599.5,3,0,3,705.5,188996.0,88.0267741633301
6,2800.0,1991,1887.0,3,1,3,705.5,157806.75,88.0267741633301
6,1223.75,1965,2317.0,3,1,1,581.0,339998.0,146.74061286145877
5,2735.0,1970,1448.0,2,2,2,564.0,157806.75,88.0267741633301
7,2012.0,1933,1246.0,1,1,1,576.0,289078.0,232.0048154093098
8,2800.0,1973,1012.0,2,0,2,543.0,385333.25,307.03622550900263
3,1563.0,1931,2599.5,2,2,1,239.0,385333.25,132.83538600180233
8,2800.0,1960,838.75,1,1,1,603.0,219600.0,307.03622550900263
6,2557.0,1936,1177.0,2,1,3,424.0,293537.0,249.39422259983007
3,2800.0,1950,838.75,1,1,1,239.0,157806.75,307.03622550900263
3,1716.0,1982,1865.0,1,0,1,705.5,385333.25,231.8509383378016
8,2800.0,1931,2039.0,2,1,3,705.5,385333.25,234.38352133398726
3,1223.75,1990,2599.5,3,1,2,538.0,371315.0,115.71050171392957
8,2195.0,1931,838.75,4,0,1,239.0,285883.0,307.03622550900263
3,1223.75,1931,838.75,3,0,2,239.0,157806.75,307.03622550900263
7,2800.0,1991,1067.0,2,1,3,331.0,385333.25,307.03622550900263
6,1816.0,1967,2154.0,2,2,1,239.0,376792.0,174.92664809656452
7,1223.75,1949,838.75,2,1,1,239.0,385333.25,307.03622550900263
7,2743.0,1991,2599.5,1,0,3,239.0,385333.25,138.0259665320254
4,1487.0,1938,2374.0,3,0,2,239.0,350767.0,147.7535804549284
8,2253.0,1935,1079.0,1,2,3,385.0,377963.0,307.03622550900263
6,2165.0,1931,1112.0,3,0,1,652.0,157806.75,88.0267741633301
8,2800.0,1938,838.75,2,1,1,490.0,185907.0,307.03622550900263
4,2505.0,1985,1548.0,4,1,3,521.0,301590.0,194.82558139534885
3,1301.0,1991,2599.5,4,2,1,705.5,157806.75,88.0267741633301
3,2800.0,1986,1881.0,2,0,1,649.0,211712.0,112.55289739500266
5,1223.75,1976,1552.0,4,1,3,512.0,157806.75,91.85180412371135
8,2653.0,1976,2599.5,4,2,3,705.5,334666.0,104.48517015298158
5,2624.0,1944,2279.0,2,2,3,576.0,157806.75,88.0267741633301
8,2800.0,1991,2599.5,4,2,3,639.0,385333.25,148.4842889536767
7,2544.0,1966,838.75,4,1,2,695.0,385333.25,307.03622550900263
5,2800.0,1991,2202.0,1,1,3,650.0,157806.75,88.0267741633301
8,2516.0,1990,1570.0,3,1,1,239.0,271662.0,173.03312101910828
4,1272.0,1950,1234.0,4,2,1,380.0,300716.0,243.69205834683956
8,1259.0,1991,2558.0,3,2,2,705.5,272017.0,106.33971853010163
7,2225.0,1931,838.75,3,1,3,292.0,336919.0,307.03622550900263
4,2800.0,1975,838.75,1,1,2,541.0,282447.0,307.03622550900263
3,2800.0,1991,1042.0,4,2,3,705.5,385333.25,307.03622550900263
6,1340.0,1987,1561.0,3,2,3,239.0,157806.75,88.0267741633301
7,1602.0,1991,1220.0,4,2,2,651.0,158015.0,129.5204918032787
7,2702.0,1931,1000.0,3,1,3,689.0,157806.75,88.0267741633301
7,1223.75,1945,1561.0,4,1,3,412.0,385333.25,275.4778987828315
3,1223.75,1991,2599.5,3,0,3,239.0,385333.25,134.70555555555555
8,1805.0,1931,1614.0,1,1,2,239.0,385333.25,307.03622550900263
3,1910.0,1991,1916.0,3,2,2,705.5,356201.0,185.90866388308976
8,1823.0,1991,838.75,1,1,1,388.0,328403.0,307.03622550900263
4,1223.75,1931,1053.0,4,1,1,705.5,184807.0,175.50522317188984
6,1229.0,1991,838.75,1,0,1,601.0,238802.0,307.03622550900263
6,1562.0,1991,2396.0,2,0,2,239.0,195086.0,88.0267741633301
8,2800.0,1991,2599.5,2,2,2,705.5,385333.25,165.43464169967592
7,2675.0,1931,2599.5,3,2,3,636.0,293150.0,88.0267741633301
3,2068.0,1931,1205.0,1,0,1,293.0,287972.0,238.98091286307053
8,2661.0,1989,838.75,2,2,1,239.0,278817.0,307.03622550900263
8,2269.0,1931,838.75,4,1,1,239.0,366299.0,307.03622550900263
3,2342.0,1942,838.75,4,1,2,364.0,157806.75,127.05582922824303
8,1223.75,1962,2599.5,2,2,2,239.0,157806.75,88.0267741633301
8,1445.0,1931,2088.0,4,2,3,239.0,157806.75,88.0267741633301
8,1662.0,1970,2599.5,2,2,3,705.5,259404.0,97.81447963800905
8,2158.0,1950,838.75,3,1,2,418.0,157806.75,307.03622550900263
8,1607.0,1974,2599.5,4,2,1,700.0,207542.0,88.0267741633301
3,1731.0,1931,1670.0,1,0,1,526.0,157806.75,88.0267741633301
8,1223.75,1931,838.75,2,1,1,705.5,157806.75,189.43125
3,1788.0,1931,838.75,2,0,1,239.0,186733.0,307.03622550900263
5,2800.0,1991,2599.5,4,2,3,346.0,157806.75,88.0267741633301
8,1223.75,1931,1001.0,3,2,3,326.0,385333.25,307.03622550900263
8,2800.0,1991,1853.0,4,0,1,481.0,157806.75,88.0267741633301
8,2006.0,1991,838.75,4,2,3,382.0,227822.0,307.03622550900263
5,1874.0,1933,2562.0,1,1,1,239.0,283276.0,110.56830601092896
4,2356.0,1989,1021.0,3,1,1,586.0,375823.0,307.03622550900263
3,2800.0,1935,1323.0,4,2,1,464.0,385333.25,307.03622550900263
7,1691.0,1939,2599.5,1,1,2,705.5,223529.0,88.0267741633301
7,2800.0,1931,1833.0,1,1,2,705.5,157806.75,88.0267741633301
8,1830.0,1931,838.75,1,0,1,239.0,374103.0,307.03622550900263
8,1223.75,1966,2599.5,1,2,1,469.0,377845.0,118.26134585289515
7,2668.0,1991,838.75,3,2,3,239.0,374266.0,307.03622550900263
8,2800.0,1943,2043.0,1,2,3,243.0,157806.75,88.0267741633301
8,2144.0,1931,2599.5,1,0,1,239.0,385333.25,126.16730038022814
4,1223.75,1991,1665.0,3,1,2,335.0,167207.0,100.42462462462463
8,1740.0,1968,2244.0,3,0,3,551.0,376524.0,167.79144385026737
8,2477.0,1991,2599.5,3,1,3,705.5,353701.0,122.94091067083768
3,2800.0,1931,1952.0,2,1,3,239.0,157806.75,88.0267741633301
3,2086.0,1931,2211.0,4,1,3,356.0,366880.0,165.93396653098145
8,2561.0,1991,838.75,4,2,3,480.0,157806.75,157.75384615384615
4,1969.0,1931,838.75,2,1,1,584.0,363062.0,307.03622550900263
6,2800.0,1991,1419.0,3,0,1,305.0,157806.75,88.0267741633301
5,2246.0,1978,2369.0,2,0,1,705.5,272275.0,114.93246095398902
3,1840.0,1968,838.75,4,1,3,518.0,385333.25,307.03622550900263
8,1366.0,1991,2599.5,3,1,1,705.5,157806.75,88.0267741633301
3,1892.0,1991,2599.5,1,0,3,705.5,385333.25,140.85590393595731
8,1478.0,1991,838.75,2,1,3,705.5,197399.0,307.03622550900263
8,2800.0,1942,838.75,4,1,1,514.0,217726.0,307.03622550900263
4,1223.75,1958,2599.5,2,0,1,321.0,338505.0,97.38348676639816
6,1503.0,1965,1940.0,4,1,3,596.0,194810.0,100.41752577319588
8,1998.0,1967,2599.5,1,0,1,444.0,249081.0,88.0267741633301
8,2064.0,1991,1508.0,4,1,3,613.0,385333.25,283.9754641909814
5,1223.75,1939,2062.0,2,1,3,418.0,157806.75,88.0267741633301
4,1642.0,1950,1326.0,1,0,3,239.0,242486.0,182.87028657616892
3,1223.75,1931,2599.5,1,0,2,239.0,157806.75,88.0267741633301
7,1598.0,1991,1105.0,2,2,2,263.0,385333.25,307.03622550900263
8,1879.0,1931,1733.0,4,1,3,568.0,293705.0,169.47778418926717
5,2688.0,1991,838.75,2,2,1,239.0,157806.75,137.8455172413793
3,2800.0,1981,2412.0,4,2,3,334.0,157806.75,88.0267741633301
3,2800.0,1987,2599.5,2,0,2,239.0,376970.0,142.25283018867924
7,1223.75,1991,838.75,3,1,3,567.0,157806.75,213.14756446991404
3,1223.75,1947,1381.0,4,1,3,239.0,258966.0,187.52063721940624
8,1392.0,1963,838.75,2,0,1,553.0,348957.0,307.03622550900263
3,1223.75,1991,1705.0,3,0,1,600.0,233760.0,137.10263929618768
8,2800.0,1931,2599.5,4,2,3,239.0,385333.25,130.6879973474801
8,2800.0,1953,1961.0,2,0,2,239.0,214000.0,109.12799592044875
